Pedido;Fecha Pedido;Hora Pedido;Fecha y Hora de Preparación;Fecha y Hora de Entrega;Operador Courier / Retiro;Estado de Entrega;Destinatario;Comuna / Ciudad;Tracking / N° Guía
GLS27717;01/09/2026;10:02;01/09/2026 13:38;01/09/2026 22:28;Alpha Group (Carrier Externo);Entregado;Fernando Leyton;Independencia;GLS27717
GLS27718;01/09/2026;10:47;01/09/2026 13:39;02/09/2026 22:35;Alpha Group (Carrier Externo);Entregado;Dalila Soto Martinez;Maipu;GLS27718
GLS27719;01/09/2026;10:50;02/09/2026 15:39;04/09/2026 18:54;Starken;Entregado;Alejandro Pérez Moreno;Talcahuano;276859605
GLS27720;01/09/2026;11:17;02/09/2026 15:40;05/09/2026 13:22;Starken;Entregado;Karla Aguilera Aguilera Mondaca;Iquique;276862427
GLS27721;01/09/2026;11:22;03/09/2026 16:10;05/09/2026 17:06;Starken;Entregado;Maria Veronica Izquierdo rios;Quilpué;276961087
GLS27722;01/09/2026;11:41;01/09/2026 13:17;01/09/2026 15:37;Stocka X (Optiroute);Entregado;Pamela Espina cuevas;Santiago;135207b6-5878-4cfa-8330-a1b81b523d9c
GLS27723;01/09/2026;12:15;02/09/2026 13:30;02/09/2026 19:18;Stocka X (Optiroute);Entregado;Glendys Castillo;Ñuñoa;c2192b9c-7855-4822-ab5c-f209f2b75ecf
GLS27724;01/09/2026;12:33;02/09/2026 13:41;02/09/2026 22:35;Alpha Group (Carrier Externo);Entregado;FABRIZIO ERRAZURIZ;CONCHALI;GLS27724
GLS27725;01/09/2026;13:03;02/09/2026 13:42;02/09/2026 22:35;Alpha Group (Carrier Externo);Entregado;Angélica Ramírez;San Bernardo;GLS27725
GLS27726;01/09/2026;13:49;03/09/2026 13:49;05/09/2026 11:02;Chilexpress;Entregado;Juan Bobadilla;Linares;713127064263
GLS27727;01/09/2026;15:18;02/09/2026 13:21;02/09/2026 15:40;Stocka X (Optiroute);Entregado;Antonia Correa Gaete;Lo Barnechea;e325054c-99be-4ffa-bdb5-1892224bdeb3
GLS27728;01/09/2026;15:38;02/09/2026 15:25;03/09/2026 11:18;Blue Express;Entregado;Mariela Quiroz villalobos;Buin;2391171694
GLS27729;01/09/2026;16:53;03/09/2026 16:08;05/09/2026 10:16;Starken;Entregado;Claudio Cordova Fuenzalida;Los Angeles;276899651
GLS27730;01/09/2026;18:31;02/09/2026 13:25;02/09/2026 18:09;Stocka X (Optiroute);Entregado;Odette Acuña Rebolledo;San Miguel;6c4ffbb0-6b8d-4bd9-8d76-743c15bbee73
GLS27731;01/09/2026;19:30;02/09/2026 13:43;02/09/2026 22:35;Alpha Group (Carrier Externo);Entregado;Ivonnlete@gmail.com Letelier diaz;Maipú;GLS27731
GLS27732;01/09/2026;20:36;02/09/2026 13:45;02/09/2026 22:35;Alpha Group (Carrier Externo);Entregado;Camila Gajardo saavedra;Padre hurtado;GLS27732
GLS27733;02/09/2026;10:42;03/09/2026 16:06;05/09/2026 15:02;Starken;Entregado;Francisco Bello Bello;Puerto Montt;276939262
GLS27734;02/09/2026;11:19;02/09/2026 13:47;02/09/2026 22:35;Alpha Group (Carrier Externo);Entregado;Veronica Castro cifuentes;Puente Alto;GLS27734
GLS27735;02/09/2026;11:52;02/09/2026 13:17;02/09/2026 17:34;Stocka X (Optiroute);Entregado;Paz Pino Venegas;La Reina;37105406-25e4-4921-8472-a321c57d9afd
GLS27736;02/09/2026;15:16;03/09/2026 16:20;07/09/2026 11:08;Starken;Entregado;paola Carvallo;Calama;276965846
GLS27737;02/09/2026;23:16;03/09/2026 13:58;03/09/2026 22:10;Alpha Group (Carrier Externo);Entregado;Alan Alan Ortiz;Quilicura;GLS27737
GLS27738;03/09/2026;08:53;03/09/2026 16:21;07/09/2026 18:14;Starken;Entregado;Jairo Tinte;Calama;277003839
GLS27739;03/09/2026;10:27;03/09/2026 13:44;03/09/2026 18:54;Stocka X (Optiroute);Entregado;Christian Solé;PROVIDENCIA;f89794a5-bc5a-45db-bfe7-b013ee6e0c3f
GLS27740;03/09/2026;14:26;04/09/2026 13:48;05/09/2026 00:26;Alpha Group (Carrier Externo);Entregado;Kevin Bruna farias;Pedro Aguirre Cerda;GLS27740
GLS27741;03/09/2026;20:48;04/09/2026 13:57;05/09/2026 00:26;Alpha Group (Carrier Externo);Entregado;Maximiliano Ventura;Huechuraba;GLS27741
GLS27742;04/09/2026;05:35;04/09/2026 14:01;05/09/2026 00:26;Alpha Group (Carrier Externo);Entregado;Byron Montecino;Puente alto;GLS27742
GLS27743;04/09/2026;09:45;04/09/2026 14:03;05/09/2026 00:26;Alpha Group (Carrier Externo);Entregado;Daniela Calderon;Santiago;GLS27743
GLS27744;04/09/2026;12:20;05/09/2026 11:48;08/09/2026 13:17;Starken;Entregado;Jenifer Flores Flores;Chillán;277096556
LI-GLS27650-D8AC;04/09/2026;12:30;04/09/2026 14:07;05/09/2026 00:26;Alpha Group (Carrier Externo);Entregado;Maximiliano Silva;Puente Alto;GLSLIGLS27650D8AC
GLS27745;04/09/2026;15:18;05/09/2026 13:30;05/09/2026 20:30;Alpha Group (Carrier Externo);Entregado;Barbara Parra;maipú;GLS27745
GLS27746;04/09/2026;15:34;04/09/2026 16:58;05/09/2026 11:25;Retiro en Sucursal (Punto Stocka Ñuñoa);Entregado (Retirado en sucursal);Guillermo Osses;;No informado
GLS27747;04/09/2026;17:01;08/09/2026 11:17;10/09/2026 15:28;Starken;Entregado;Constanza Castillo salgado;Concepcion;277124005
GLS27748;04/09/2026;17:56;08/09/2026 11:19;10/09/2026 17:10;Starken;Entregado;Yeniffer Cea Leiva;Calama;277128904
GLS27749;04/09/2026;18:00;08/09/2026 11:20;09/09/2026 13:07;Starken;Entregado;Adrian Alvial;San Antonio;277129184
GLS27750;04/09/2026;18:46;05/09/2026 13:34;05/09/2026 20:30;Alpha Group (Carrier Externo);Entregado;Judith Fuentes Cepeda;La Florida;GLS27750
GLS27751;05/09/2026;12:05;08/09/2026 11:20;09/09/2026 11:59;Starken;Entregado;ALEJANDRO ESTRADA;Temuco;277154801
GLS27752;05/09/2026;13:10;07/09/2026 13:42;07/09/2026 22:11;Alpha Group (Carrier Externo);Entregado;Marcela Peña;Maipu;GLS27752
GLS27753;05/09/2026;13:32;08/09/2026 11:21;09/09/2026 14:28;Starken;Entregado;Raúl Figueroa;Ovalle;277160088
GLS27754;05/09/2026;14:19;07/09/2026 13:46;07/09/2026 22:11;Alpha Group (Carrier Externo);Entregado;Antonia Correa Gaete;Lo Barnechea;GLS27754
GLS27755;05/09/2026;15:09;07/09/2026 13:23;07/09/2026 16:34;Stocka X (Optiroute);Entregado;Martin Lehuede;Las Condes;459740441
GLS27756;05/09/2026;16:17;08/09/2026 11:23;26/09/2026 10:34;Blue Express;Entregado;Maximo Nuñez;Coinco;2395649642
GLS27757;05/09/2026;17:34;07/09/2026 16:30;08/09/2026 11:52;Retiro en Sucursal (Punto Stocka Ñuñoa);Entregado (Retirado en sucursal);Jorge Montecinos;;No informado
GLS27758;06/09/2026;05:17;08/09/2026 11:21;09/09/2026 14:58;Starken;Entregado;Daniela Calderon;Viña del mar;277170760
GLS27759;06/09/2026;12:41;08/09/2026 11:21;09/09/2026 15:20;Starken;Entregado;Carlos Herrera;La Serena;277176048
GLS27760;06/09/2026;16:20;07/09/2026 13:49;07/09/2026 22:11;Alpha Group (Carrier Externo);Entregado;Javier Povea Lana;Conchali;GLS27760
GLS27761;06/09/2026;18:31;08/09/2026 11:25;09/09/2026 12:52;Starken;Entregado;Amy Acosta Nieto;Collipulli;277181343
GLS27762;06/09/2026;19:15;07/09/2026 10:57;07/09/2026 11:00;Retiro en Sucursal (Punto Stocka Ñuñoa);Entregado (Retirado en sucursal);sergio zamorano vega;;No informado
GLS27763;06/09/2026;20:46;07/09/2026 13:23;07/09/2026 15:51;Stocka X (Optiroute);Entregado;Jennie Cools;Providencia;459762562
GLS27764;06/09/2026;22:25;07/09/2026 13:21;07/09/2026 19:38;Stocka X (Optiroute);Entregado;Andrés Zavaleta araujo;Peñalolén;42c0f0c1-ff69-448c-ad11-24b572c8bc40
GLS27765;06/09/2026;23:45;07/09/2026 13:52;07/09/2026 22:11;Alpha Group (Carrier Externo);Entregado;Massiel Monteza;La Florida;GLS27765
GLS27766;07/09/2026;08:23;07/09/2026 13:55;07/09/2026 22:11;Alpha Group (Carrier Externo);Entregado;Anibal Gabriel Gómez Orellana;La Florida;GLS27766
GLS27767;07/09/2026;08:25;07/09/2026 16:55;10/09/2026 17:15;Chilexpress;Entregado;Hernan Tejo;Linares;713129445593
GLS27768;07/09/2026;09:56;07/09/2026 13:57;07/09/2026 22:11;Alpha Group (Carrier Externo);Entregado;Gonzalo Guerrero Camerati;Renca;GLS27768
MAN26090712148139;07/09/2026;12:14;08/09/2026 11:23;09/09/2026 19:10;Starken;Entregado;Maria Veronica Izquierdo rios;Quilpué;277260058
GLS27769;07/09/2026;13:34;08/09/2026 13:57;08/09/2026 21:40;Alpha Group (Carrier Externo);Entregado;Juan Alarcón Fernández;Renca;GLS27769
GLS27770;07/09/2026;14:15;09/09/2026 11:10;10/09/2026 12:26;Starken;Entregado;Boris Ruz Silva;Viña del mar;277239711
GLS27771;07/09/2026;14:39;09/09/2026 11:13;10/09/2026 11:28;Starken;Entregado;Ximena Mendez;San Pedro De La Paz;277242217
GLS27772;07/09/2026;19:58;08/09/2026 13:57;08/09/2026 21:40;Alpha Group (Carrier Externo);Entregado;Rafael Cárcamo;Maipú;GLS27772
GLS27773;07/09/2026;20:24;08/09/2026 13:32;08/09/2026 21:36;Stocka X (Optiroute);Entregado;Jorge Lascani;Ñuñoa;39c0c076-dc93-4b00-8268-9bf34259be64
GLS27774;07/09/2026;22:01;09/09/2026 11:15;10/09/2026 12:05;Starken;Entregado;Cristian Beltrán Cordero;Concepcion;277277492
GLS27775;07/09/2026;22:14;09/09/2026 11:16;10/09/2026 17:25;Starken;Entregado;Maykool Vidal Ceballo;Talcahuano;277278170
GLS27776;08/09/2026;12:52;10/09/2026 10:38;11/09/2026 09:54;Starken;Entregado;Amanda Ramirez Araya;Villa Alemana;277314089
GLS27777;08/09/2026;13:53;09/09/2026 13:22;09/09/2026 14:38;Stocka X (Optiroute);Entregado;Yessenia Cordero;Peñalolén;459848077
GLS27778;08/09/2026;15:11;09/09/2026 13:24;09/09/2026 14:22;Stocka X (Optiroute);Entregado;Lucia Garrido;San joaquin;459852713
GLS27779;08/09/2026;17:34;09/09/2026 13:51;09/09/2026 21:16;Alpha Group (Carrier Externo);Entregado;Joaquin Sandoval Nuñez;Las condes;GLS27779
LI-LI-GLS27650-D8AC-3107;08/09/2026;19:38;09/09/2026 13:55;09/09/2026 21:16;Alpha Group (Carrier Externo);Entregado;Maximiliano Silva;Puente Alto;773960
GLS27780;08/09/2026;19:52;09/09/2026 13:52;09/09/2026 21:16;Alpha Group (Carrier Externo);Entregado;Martina Cornejo;San bernardo;GLS27780
GLS27781;08/09/2026;21:25;09/09/2026 13:53;09/09/2026 21:16;Alpha Group (Carrier Externo);Entregado;Manuel Ramirez Izquierdo;Las Condes;GLS27781
GLS27782;08/09/2026;23:32;09/09/2026 13:25;09/09/2026 16:44;Stocka X (Optiroute);Entregado;Pamela Marin;Ñuñoa953595759;c141b428-ca6e-46ee-944a-a560cdb796d9
GLS27783;09/09/2026;00:37;09/09/2026 13:56;09/09/2026 21:16;Alpha Group (Carrier Externo);Entregado;Odette Acuña Rebolledo;San Miguel;GLS27783
GLS27784;09/09/2026;01:04;09/09/2026 13:57;09/09/2026 21:16;Alpha Group (Carrier Externo);Entregado;Isaias Caceres;Pedro Aguirre Cerda;GLS27784
GLS27785;09/09/2026;07:51;10/09/2026 10:37;11/09/2026 12:21;Starken;Entregado;Sylvia Vinagre;La Serena;277365853
GLS27786;09/09/2026;10:18;10/09/2026 10:36;11/09/2026 11:30;Starken;Entregado;Felipe Lafertte Escobar;Curico;277375489
GLS27787;09/09/2026;13:09;10/09/2026 14:01;10/09/2026 21:20;Alpha Group (Carrier Externo);Entregado;Vianca Aracena Rojas;Quilicura;GLS27787
GLS27788;09/09/2026;15:20;10/09/2026 14:04;10/09/2026 21:20;Alpha Group (Carrier Externo);Entregado;Felipe Rodriguez;Huechuraba;GLS27788
GLS27789;09/09/2026;16:18;11/09/2026 11:44;12/09/2026 10:28;Starken;Entregado;martin aviles;Coquimbo;277410602
GLS27790;09/09/2026;20:26;10/09/2026 14:05;10/09/2026 21:20;Alpha Group (Carrier Externo);Entregado;Claudia Muñoz;Puente Alto;GLS27790
GLS27791;10/09/2026;08:39;10/09/2026 14:06;10/09/2026 21:20;Alpha Group (Carrier Externo);Entregado;Abraham ignacio Cortes mazuela;Quilicura;GLS27791
GLS27792;10/09/2026;12:25;11/09/2026 11:12;11/09/2026 11:13;Retiro en Sucursal (Punto Stocka Ñuñoa);Entregado (Retirado en sucursal);Cristian RAMÍREZ CHING;;459922723
GLS27793;10/09/2026;20:22;11/09/2026 12:21;11/09/2026 19:08;Stocka X (Optiroute);Entregado;Gabriel Maggi;Ñuñoa;d69079fe-fcb5-40db-a7cb-c590741c6a94
GLS27794;10/09/2026;20:39;12/09/2026 11:22;15/09/2026 15:44;Blue Express;Entregado;Fernanda Guajardo Cabello;Requinoa;2401544751
GLS27795;10/09/2026;20:42;11/09/2026 12:23;11/09/2026 19:02;Stocka X (Optiroute);Entregado;Marco Santana;ñuñoa;32400e7f-6f46-4c33-a47b-1b88668bfef8
GLS27796;10/09/2026;21:38;11/09/2026 12:22;11/09/2026 17:58;Stocka X (Optiroute);Entregado;Fernanda Diaz Taucan;Santiago;679d5534-2c05-459a-a89c-4ca24cc5ada5
GLS27797;11/09/2026;00:01;11/09/2026 12:21;11/09/2026 15:40;Stocka X (Optiroute);Entregado;Diego Santoyo;Las condes;919c5c23-b8cc-4d1d-bbf7-d1e23b20d70f
GLS27798;11/09/2026;00:23;12/09/2026 11:50;15/09/2026 13:41;Chilexpress;Entregado;Hernan Tejo Toloza;Linares;713131365133
GLS27799;11/09/2026;12:07;14/09/2026 16:34;16/09/2026 16:22;Starken;Entregado;Angelina Monroy;Vallenar;277527502
GLS#MANUAL-2737;11/09/2026;13:35;23/09/2026 14:11;Pendiente de retiro por cliente;Retiro en Sucursal (Punto Stocka Ñuñoa);LISTO PARA RETIRO;YORLA;Ñuñoa;
GLS27800;11/09/2026;15:03;12/09/2026 13:20;12/09/2026 19:48;Alpha Group (Carrier Externo);Entregado;Italo Molina;La Florida;GLS27800
GLS27801;11/09/2026;15:45;12/09/2026 13:23;12/09/2026 19:48;Alpha Group (Carrier Externo);Entregado;Juan Pablo Ortega Contreras;Las Condes;GLS27801
GLS27802;11/09/2026;18:45;14/09/2026 16:36;16/09/2026 21:28;Starken;Entregado;José Solda;Puerto Montt;277567600
GLS27803;11/09/2026;22:51;12/09/2026 13:26;12/09/2026 19:48;Alpha Group (Carrier Externo);Entregado;Francisca Ramirez;La cisterna;GLS27803
GLS27804;12/09/2026;11:55;12/09/2026 13:29;12/09/2026 19:48;Alpha Group (Carrier Externo);Entregado;Marco Cisternas;Santiago;GLS27804
GLS27805;13/09/2026;09:39;14/09/2026 16:39;16/09/2026 17:34;Starken;Entregado;Karen Cañulef;Fresia;277616002
GLS27806;13/09/2026;10:53;14/09/2026 16:41;24/09/2026 12:58;Starken;Entregado;Carolina Del Carmen Wasaff Alday;Vallenar;277617055
GLS27807;13/09/2026;11:04;14/09/2026 14:06;14/09/2026 22:10;Alpha Group (Carrier Externo);Entregado;cristina silva;La Florida;GLS27807
GLS27808;13/09/2026;13:39;14/09/2026 16:45;21/09/2026 16:46;Starken;Entregado;Jose Manuel Mercado Riquelme;Tocopilla;277620715
GLS27809;13/09/2026;14:35;14/09/2026 16:51;16/09/2026 11:46;Starken;Entregado;Paul Zavalla;yumbel;277621586
GLS27810;13/09/2026;20:20;14/09/2026 14:07;14/09/2026 22:10;Alpha Group (Carrier Externo);Entregado;Lorna Peña;Conchalí;GLS27810
GLS27811;13/09/2026;20:31;14/09/2026 11:02;14/09/2026 15:14;Stocka X (Optiroute);Entregado;Vania Martinez;Ñuñoa;73f8ae6c-38c3-489c-906b-9d9d8d4d8b3c
GLS27812;13/09/2026;20:33;15/09/2026 12:24;17/09/2026 15:58;Chilexpress;Entregado;Geraldine Tapia;Linares;713132327132
GLS27813;13/09/2026;21:16;14/09/2026 16:53;16/09/2026 15:50;Starken;Entregado;Yerina Viviana Montes Gómez;Coronel;277631526
GLS27814;14/09/2026;03:52;14/09/2026 14:08;14/09/2026 22:10;Alpha Group (Carrier Externo);Entregado;Mackarena Espergues Farfán;San Bernardo;GLS27814
GLS27815;14/09/2026;08:23;14/09/2026 14:09;14/09/2026 22:10;Alpha Group (Carrier Externo);Entregado;Isabel Vergés Valenzuela;Ñuñoa;GLS27815
GLS27816;14/09/2026;09:07;14/09/2026 16:55;16/09/2026 16:09;Starken;Entregado;Jorge Ahumada Ahumada;VALPARAISO;277651535
GLS27817;14/09/2026;10:55;14/09/2026 16:32;16/09/2026 18:34;Starken;Entregado;marlene castillo muñoz;Viña del Mar;277665244
GLS27818;14/09/2026;11:03;14/09/2026 16:28;16/09/2026 19:40;Starken;Entregado;Juan Godoy;La Serena;277666389
GLS27819;14/09/2026;13:29;15/09/2026 14:11;16/09/2026 22:07;Alpha Group (Carrier Externo);Entregado;Millaray Gonzalez Flores;Colina;GLS27819
GLS27820;14/09/2026;14:28;15/09/2026 14:13;15/09/2026 22:44;Alpha Group (Carrier Externo);Entregado;Ximena Sobarzo Sánchez;La Reina;GLS27820
GLS27821;14/09/2026;16:09;15/09/2026 14:14;15/09/2026 22:44;Alpha Group (Carrier Externo);Entregado;Carlos Sepúlveda Aranda;San Bernardo;GLS27821
GLS27822;15/09/2026;00:16;15/09/2026 13:24;15/09/2026 13:25;Retiro en Sucursal (Punto Stocka Ñuñoa);Entregado (Retirado en sucursal);Alex Rossel Corvalan;;No informado
GLS27823;15/09/2026;07:26;15/09/2026 14:17;15/09/2026 22:44;Alpha Group (Carrier Externo);Entregado;Omaira Vargas;Las condes;GLS27823
GLS27824;15/09/2026;10:55;23/09/2026 15:28;En tránsito (En tránsito);Starken;En tránsito;Jorge Oyarzun;Coyhaique;278234238
GLS27825;15/09/2026;11:46;16/09/2026 10:40;17/09/2026 15:56;Starken;Entregado;Zule Rebolledo;Puerto Montt;277769397
GLS27826;15/09/2026;12:31;17/09/2026 14:07;17/09/2026 21:25;Alpha Group (Carrier Externo);Entregado;Gonzalo Espinoza;SAN BERNARDO;GLS27826
GLS27827;15/09/2026;14:11;16/09/2026 16:14;17/09/2026 16:16;Blue Express;Entregado;Marco Iturriaga Fuentealba;Lautaro;2405825240
GLS27828;15/09/2026;15:31;16/09/2026 13:48;16/09/2026 14:47;Stocka X (Optiroute);Entregado;María Eugenia Vargas cabezas;Santiago;5c1dc634-9990-47a7-abc5-7fc26e077986
GLS27829;15/09/2026;16:10;16/09/2026 14:07;16/09/2026 22:07;Alpha Group (Carrier Externo);Entregado;Rocío Araya Alcaide;Lo Barnechea;GLS27829
GLS27830;15/09/2026;16:30;16/09/2026 14:09;16/09/2026 22:07;Alpha Group (Carrier Externo);Entregado;Cristobal Martinez;La Pintana;GLS27830
GLS27831;15/09/2026;21:44;17/09/2026 14:05;17/09/2026 21:25;Alpha Group (Carrier Externo);Entregado;Daniela Araya Durán;SANTIAGO;GLS27831
GLS27832;16/09/2026;00:14;16/09/2026 16:13;22/09/2026 15:48;Starken;Entregado;ORLANDO MUÑOZ;San Antonio;277821045
GLS27833;16/09/2026;08:50;16/09/2026 14:10;16/09/2026 22:07;Alpha Group (Carrier Externo);Entregado;Magaly Ramírez Rodríguez;Puente alto;GLS27833
MAN26091609529482;16/09/2026;09:52;21/09/2026 17:31;22/09/2026 22:26;Alpha Group (Carrier Externo);Entregado;francisca Gonzles Caballero;Estación Central;782349
MAN26091609567741;16/09/2026;09:56;16/09/2026 16:12;22/09/2026 16:18;Starken;Entregado;Kamila Gonzalez Meneses;Talca;277861260
GLS27834;16/09/2026;10:29;16/09/2026 16:08;22/09/2026 12:22;Starken;Entregado;Alexis Opazo jauregui;Quillota;277838423
MAN26091611271429;16/09/2026;11:27;21/09/2026 17:29;22/09/2026 22:26;Alpha Group (Carrier Externo);Entregado;Katherine Mora Tobar;La Granja;782348
GLS27835;16/09/2026;11:53;16/09/2026 14:11;16/09/2026 22:07;Alpha Group (Carrier Externo);Entregado;Isaias Caceres;Pedro Aguirre Cerda;GLS27835
GLS27836;16/09/2026;13:11;Cancelado antes de preparar;Pedido Cancelado;Retiro en Sucursal (Punto Stocka Ñuñoa);Cancelado;catherina montes;;No informado
GLS27837;16/09/2026;14:26;16/09/2026 15:17;16/09/2026 15:18;Retiro en Sucursal (Punto Stocka Ñuñoa);Entregado (Retirado en sucursal);Marco Ramos;;460124240
GLS27838;16/09/2026;14:40;21/09/2026 13:21;21/09/2026 23:04;Alpha Group (Carrier Externo);Entregado;Esteban Lavandero Ávila;San Bernardo;GLS27838
GLS27839;16/09/2026;14:58;16/09/2026 16:31;16/09/2026 16:33;Retiro en Sucursal (Punto Stocka Ñuñoa);Entregado (Retirado en sucursal);Emmanuel Moroni;;No informado
GLS27840;16/09/2026;18:51;22/09/2026 12:53;23/09/2026 13:43;Starken;Entregado;Sylvia Vinagre;La Serena;277885665
GLS27841;16/09/2026;20:08;21/09/2026 00:53;21/09/2026 14:47;Stocka X (Optiroute);Entregado;Sergio Saez Parra;Providencia;460134978
GLS27842;16/09/2026;20:56;22/09/2026 12:54;23/09/2026 12:08;Starken;Entregado;CARLA QUINTANA GODOY;CURICO;277888286
GLS27843;16/09/2026;22:22;21/09/2026 18:06;22/09/2026 22:26;Alpha Group (Carrier Externo);Entregado;catalina salgado;la granja;GLS27843
GLS27844;16/09/2026;23:10;21/09/2026 18:04;22/09/2026 22:26;Alpha Group (Carrier Externo);Entregado;Claudio Catalán;Estacion central;GLS27844
GLS27845;16/09/2026;23:47;21/09/2026 17:43;22/09/2026 22:26;Alpha Group (Carrier Externo);Entregado;Gabriel Pizarro Sepulveda;San joaquin;GLS27845
GLS27846;17/09/2026;06:44;22/09/2026 12:55;23/09/2026 13:02;Starken;Entregado;Ximena Angélica Vargas Arízaga;Villa Alemana;277897395
GLS27847;17/09/2026;10:00;21/09/2026 17:41;22/09/2026 22:26;Alpha Group (Carrier Externo);Entregado;Maria Soledad Bustamante;Santiago;GLS27847
GLS27848;17/09/2026;16:37;21/09/2026 17:40;22/09/2026 22:26;Alpha Group (Carrier Externo);Entregado;Bruno Arenas;Maipú;GLS27848
GLS27849;17/09/2026;19:02;21/09/2026 17:39;22/09/2026 22:26;Alpha Group (Carrier Externo);Entregado;Barbara Plaza castillo;Maipu;GLS27849
GLS27850;17/09/2026;19:50;21/09/2026 17:37;22/09/2026 22:26;Alpha Group (Carrier Externo);Entregado;claudio peña;puente alto;GLS27850
GLS27851;18/09/2026;12:32;22/09/2026 14:01;25/09/2026 14:42;Chilexpress;Entregado;Yerina Viviana Montés Gomez;Castro;713134276982
GLS27852;18/09/2026;12:43;21/09/2026 17:37;22/09/2026 22:26;Alpha Group (Carrier Externo);Entregado;Deyner Mauricio Saavedra;Santiago;GLS27852
GLS27853;19/09/2026;09:23;21/09/2026 17:35;22/09/2026 22:26;Alpha Group (Carrier Externo);Entregado;Blanca Acevedo;Cerro Navia;GLS27853
GLS27854;19/09/2026;09:29;21/09/2026 17:34;22/09/2026 22:26;Alpha Group (Carrier Externo);Entregado;Blanca Zamorano;Cerro Navia;GLS27854
GLS27855;19/09/2026;10:29;22/09/2026 12:59;23/09/2026 20:34;Starken;Entregado;Carmen gloria Cataldo;Coquimbo;277967403
GLS27856;19/09/2026;15:36;22/09/2026 13:00;25/09/2026 17:24;Starken;Entregado;Mario Torrez;Antofagasta;277971462
GLS27857;19/09/2026;16:16;21/09/2026 13:16;21/09/2026 23:04;Alpha Group (Carrier Externo);Entregado;Paulina Urzua Gutierrez;Macul;GLS27857
GLS27858;19/09/2026;16:24;22/09/2026 13:01;24/09/2026 12:06;Starken;Entregado;Paloma Silva López;Iquique;277972055
GLS27859;19/09/2026;16:39;21/09/2026 13:18;21/09/2026 23:04;Alpha Group (Carrier Externo);Entregado;Rose Marie;Las Condes;GLS27859
GLS27860;19/09/2026;19:15;21/09/2026 18:09;22/09/2026 22:26;Alpha Group (Carrier Externo);Entregado;claudia canales bravo;Macul;GLS27860
GLS27861;19/09/2026;21:29;21/09/2026 13:20;21/09/2026 23:04;Alpha Group (Carrier Externo);Entregado;Maria Urzua;Ñuñoa;GLS27861
GLS27862;19/09/2026;22:06;21/09/2026 17:33;22/09/2026 22:26;Alpha Group (Carrier Externo);Entregado;Harvey Giordano Masoliver;Maipu;GLS27862
GLS27863;19/09/2026;22:35;21/09/2026 17:32;22/09/2026 22:26;Alpha Group (Carrier Externo);Entregado;Paulina Cerda Carrasco;La Florida;GLS27863
GLS27864;20/09/2026;10:21;Cancelado antes de preparar;Pedido Cancelado;Starken;Cancelado;Natalia Velasquez;Viña del mar;277987312
GLS27865;20/09/2026;11:17;21/09/2026 13:19;21/09/2026 23:04;Alpha Group (Carrier Externo);Entregado;Fernanda Aguero;La Reina;GLS27865
GLS27866;20/09/2026;11:37;22/09/2026 13:03;23/09/2026 16:02;Starken;Entregado;Mayerling Sagredo;Concepción;277989794
GLS27867;20/09/2026;21:42;21/09/2026 15:32;21/09/2026 16:42;Retiro en Sucursal (Punto Stocka Ñuñoa);Entregado (Retirado en sucursal);Alejandra Diaz Riveros;;No informado
GLS27868;20/09/2026;23:13;22/09/2026 14:15;22/09/2026 17:58;Stocka X (Optiroute);Entregado;Yeleiza Cayama;Las Condes;939c731b-f2f0-450d-8b39-88e898823d90
GLS27869;21/09/2026;00:05;22/09/2026 13:08;24/09/2026 12:35;Starken;Entregado;Carlos Jara;Antofagasta;278010468
GLS27870;21/09/2026;17:37;22/09/2026 14:17;22/09/2026 17:04;Stocka X (Optiroute);Entregado;Carmen Lazcano;Las condes;d3d1df39-a13d-49ce-a309-9cfc4575840e
GLS27871;21/09/2026;21:23;22/09/2026 13:12;23/09/2026 17:45;Starken;Entregado;Loreto Patricia;Talcahuano;278099238
GLS27872;21/09/2026;22:28;22/09/2026 13:59;22/09/2026 22:26;Alpha Group (Carrier Externo);Entregado;Paola Jimenez Castro;Recoleta;GLS27872
GLS27873;21/09/2026;22:36;22/09/2026 13:59;22/09/2026 22:26;Alpha Group (Carrier Externo);Entregado;María Eugenia Fredes Escobar;Maipú;GLS27873
GLS27874;21/09/2026;22:44;22/09/2026 13:13;25/09/2026 08:40;Starken;Entregado;Paloma Zamorano Betti;Coquimbo;278104210
GLS27875;22/09/2026;01:00;22/09/2026 14:00;22/09/2026 22:26;Alpha Group (Carrier Externo);Entregado;Kimberling Alvear;Colina;GLS27875
GLS27876;22/09/2026;11:46;22/09/2026 14:01;22/09/2026 22:26;Alpha Group (Carrier Externo);Entregado;Francesca Serrano;Santiago;GLS27876
GLS27877;22/09/2026;12:49;23/09/2026 13:27;23/09/2026 21:05;Alpha Group (Carrier Externo);Entregado;Monserrat Planas Elgarrista;Puente Alto;GLS27877
GLS27878;22/09/2026;14:10;22/09/2026 15:36;22/09/2026 15:38;Retiro en Sucursal (Punto Stocka Ñuñoa);Entregado (Retirado en sucursal);Lucas Frau Ramirez;;No informado
GLS27879;22/09/2026;15:58;23/09/2026 13:29;23/09/2026 21:05;Alpha Group (Carrier Externo);Entregado;benjamin maldonado;Puente alto;GLS27879
GLS27880;22/09/2026;20:37;23/09/2026 13:30;23/09/2026 21:05;Alpha Group (Carrier Externo);Entregado;Ana Luisa Zuniga Villalobos;Santiago;GLS27880
GLS27881;22/09/2026;22:48;23/09/2026 15:29;25/09/2026 19:20;Blue Express;Entregado;Norka Nieto;Putaendo;2411913033
GLS27882;23/09/2026;11:07;23/09/2026 13:31;23/09/2026 21:05;Alpha Group (Carrier Externo);Entregado;Karina Reyes;La Florida;GLS27882
GLS27883;23/09/2026;11:52;23/09/2026 13:32;23/09/2026 15:18;Retiro en Sucursal (Punto Stocka Ñuñoa);Entregado (Retirado en sucursal);Julian Salinas L;;460320473
GLS27884;23/09/2026;16:27;24/09/2026 15:41;26/09/2026 11:34;Starken;Entregado;Valeria Collado moraleda;Los andes;278245436
GLS27885;23/09/2026;19:14;24/09/2026 15:39;28/09/2026 12:48;Starken;Entregado;christian huidobro;La serena;278258538
GLS27886;24/09/2026;07:22;24/09/2026 13:42;24/09/2026 22:02;Alpha Group (Carrier Externo);Entregado;MIRTHA PALMA;SANTIAGO CENTRO;GLS27886
GLS27887;24/09/2026;09:09;24/09/2026 14:01;24/09/2026 22:02;Alpha Group (Carrier Externo);Entregado;Romina Salcedo Galaz;Renca;GLS27887
GLS27888;24/09/2026;11:04;24/09/2026 15:42;26/09/2026 10:26;Starken;Entregado;Francisco Felipe Francisco Felipe;Talca;278291946
GLS27889;24/09/2026;11:30;24/09/2026 14:02;24/09/2026 22:02;Alpha Group (Carrier Externo);Entregado;Estefania Thomson Figueroa;Santiago;GLS27889
GLS27890;24/09/2026;15:22;En Incidencia;En Incidencia;Starken;Incidencia;Carlos Andres Segura Muga;Sector Hospital / Villa Italia;No informado
GLS27891;24/09/2026;15:58;25/09/2026 10:47;25/09/2026 12:19;Retiro en Sucursal (Punto Stocka Ñuñoa);Entregado (Retirado en sucursal);Jorge Bustamante;;No informado
GLS27892;24/09/2026;19:49;28/09/2026 12:16;En tránsito (En tránsito);Starken;En tránsito;Christopher Torres;Panguipulli;278332980
GLS27893;24/09/2026;22:51;28/09/2026 14:33;En tránsito (En planta de origen);Blue Express;En planta de origen;Fernanda Toledo Torres;Florida;2414168606
GLS27894;24/09/2026;22:58;28/09/2026 14:34;29/09/2026 10:19;Blue Express;Entregado;Sebastian Valenzuela Vergara;Teno;2414173101
GLS27895;25/09/2026;02:24;25/09/2026 13:58;25/09/2026 21:44;Alpha Group (Carrier Externo);Entregado;Ingrid Moreno;Huechuraba;GLS27895
GLS27896;25/09/2026;11:10;25/09/2026 14:01;25/09/2026 21:44;Alpha Group (Carrier Externo);Entregado;Vasti Palma;Macul;GLS27896
GLS27897;25/09/2026;11:28;28/09/2026 12:18;En tránsito (En Reparto);Starken;En Reparto;Solange Calfulaf Calfin;Chillan;278360662
GLS27898;25/09/2026;13:23;28/09/2026 12:15;En tránsito (En tránsito);Starken;En tránsito;Juan Araya Silva;Antofagasta;278371434
GLS27899;25/09/2026;14:22;28/09/2026 12:14;En tránsito (En Reparto);Starken;En Reparto;Fernando Carrasco;La serena;278376729
GLS27900;25/09/2026;14:47;26/09/2026 11:38;29/09/2026 12:10;Blue Express;Entregado;Luis Wladimir Carmona Silva;Quinta De Tilcoco;2414841494
MAN26092515468154;25/09/2026;15:46;25/09/2026 16:30;25/09/2026 17:02;Retiro en Sucursal (Punto Stocka Ñuñoa);Entregado (Retirado en sucursal);Danae Lira;Ñuñoa;
GLS27901;25/09/2026;21:20;28/09/2026 16:09;En tránsito (Listo para despacho - Impreso);Starken;Listo para despacho - Impreso;Loreto Duran Aguirre;Coquimbo;278401923
GLS27902;25/09/2026;21:23;26/09/2026 13:38;26/09/2026 20:26;Alpha Group (Carrier Externo);Entregado;Sandra Santander;Macul;GLS27902
GLS27903;25/09/2026;23:18;26/09/2026 13:42;26/09/2026 20:26;Alpha Group (Carrier Externo);Entregado;Paula Matamala;La florida;GLS27903
GLS27904;25/09/2026;23:37;28/09/2026 16:11;En tránsito (Listo para despacho - Impreso);Starken;Listo para despacho - Impreso;Valentin Ramírez;Graneros;278405182
GLS27905;26/09/2026;01:12;28/09/2026 16:13;En tránsito (Listo para despacho - Impreso);Starken;Listo para despacho - Impreso;Leandro cesar Canales Espinoza;Rengo;278406230
GLS27906;26/09/2026;07:28;28/09/2026 16:13;En tránsito (Listo para despacho - Impreso);Blue Express;Listo para despacho - Impreso;Aida Sandoval;Isla de maipo;2417175703
LI-GLS27757-3026;26/09/2026;11:45;En proceso de preparación;Pendiente de retiro por cliente;Retiro en Sucursal (Punto Stocka Ñuñoa);Listo para retiro;Jorge Montecinos;Ñuñoa;
GLS27907;26/09/2026;12:07;26/09/2026 13:34;26/09/2026 13:36;Retiro en Sucursal (Punto Stocka Ñuñoa);Entregado (Retirado en sucursal);helen espinosa;;No informado
GLS27908;26/09/2026;12:46;28/09/2026 16:15;En tránsito (Listo para despacho - Impreso);Chilexpress;Listo para despacho - Impreso;Camila Labrin;Hualpén;713137446862
GLS27909;26/09/2026;13:15;28/09/2026 16:14;En tránsito (Listo para despacho - Impreso);Starken;Listo para despacho - Impreso;Cristian Matamala;talca;278424934
GLS27910;26/09/2026;13:16;28/09/2026 16:34;En tránsito (Listo para despacho - Impreso);Starken;Listo para despacho - Impreso;Erika Polanco;Cañete;278424967
LI-GLS27907-891B;26/09/2026;14:04;En proceso de preparación;Pendiente de retiro por cliente;Retiro en Sucursal (Punto Stocka Ñuñoa);Listo para retiro;Helen Espinosa;Ñuñoa;
GLS27911;26/09/2026;15:25;28/09/2026 16:37;En tránsito (Listo para despacho - Impreso);Starken;Listo para despacho - Impreso;Katherinne Faúndez;Cabrero;278427321
GLS27912;26/09/2026;16:45;28/09/2026 11:55;28/09/2026 17:31;Stocka X (Optiroute);Entregado;Karime Shahin Rodríguez;Providencia;2a2a75cc-0e00-43c1-842f-c1eaaf4c6607
GLS27913;26/09/2026;19:40;28/09/2026 16:47;En tránsito (Listo para despacho - Impreso);Starken;Listo para despacho - Impreso;Andrew Romero;Chillan;278430509
GLS27914;27/09/2026;00:14;En proceso de preparación;En tránsito (Listo para despacho - Impreso);Starken;Listo para despacho - Impreso;Edna Méndez;Quilpué;278435406
GLS27915;27/09/2026;02:54;28/09/2026 16:36;En tránsito (Listo para despacho - Impreso);Starken;Listo para despacho - Impreso;Sandra Manríquez Novoa;Arica;278436234
GLS27916;27/09/2026;07:47;28/09/2026 13:55;28/09/2026 21:34;Alpha Group (Carrier Externo);Entregado;Mallwyn Soloman David;Santigo centro;GLS27916
GLS27917;27/09/2026;12:02;28/09/2026 11:57;28/09/2026 16:42;Stocka X (Optiroute);Entregado;Alexandra González Chaparro;Vitacura;4b6003b1-65b8-4d97-9e47-91ce80db670e
GLS27918;27/09/2026;13:37;28/09/2026 16:30;En tránsito (Listo para despacho - Impreso);Blue Express;Listo para despacho - Impreso;Fabian Maldonado;Pichidegua;2415976065
GLS27919;27/09/2026;18:28;28/09/2026 16:46;En tránsito (Listo para despacho - Impreso);Starken;Listo para despacho - Impreso;Elizabeth Bustamante Villegas;Puerto Montt;278448126
GLS27920;27/09/2026;21:09;28/09/2026 16:49;En tránsito (Listo para despacho - Impreso);Starken;Listo para despacho - Impreso;Marjorie Zárate Huanchicay;Vallenar;278451030
GLS27921;27/09/2026;22:12;28/09/2026 13:58;28/09/2026 21:34;Alpha Group (Carrier Externo);Entregado;Alexandra Ortega Olmedo;Maipú;GLS27921
GLS27922;27/09/2026;22:16;28/09/2026 16:38;En tránsito (Listo para despacho - Impreso);Starken;Listo para despacho - Impreso;Lilian Serpell;Machali;278453695
GLS27923;28/09/2026;10:36;28/09/2026 16:48;En tránsito (Listo para despacho - Impreso);Starken;Listo para despacho - Impreso;Gustavo San Martín Gonzalez;Temuco;278519729
GLS27924;28/09/2026;11:39;28/09/2026 15:21;28/09/2026 15:31;Retiro en Sucursal (Punto Stocka Ñuñoa);Entregado (Retirado en sucursal);Carlos Bugueno;;460470948
GLS27925;28/09/2026;12:14;28/09/2026 16:35;En tránsito (Listo para despacho - Impreso);Starken;Listo para despacho - Impreso;Camila Delgado Ordenes;Los Alamos;278540899
LI-GLS27891-0C20;28/09/2026;13:28;En proceso de preparación;Pendiente de retiro por cliente;Retiro en Sucursal (Punto Stocka Ñuñoa);Listo para retiro;Jorge Bustamante;Ñuñoa;
GLS27926;28/09/2026;14:25;En proceso de preparación;En tránsito (Listo para despacho);Recíbelo;Listo para despacho;Odette Acuña Rebolledo;San Miguel;788519
GLS27927;28/09/2026;14:56;En proceso de preparación;En tránsito (Listo para despacho);Chilexpress;Listo para despacho;Rodrigo Pinto;Melipilla;713138264204
GLS27928;28/09/2026;15:56;En proceso de preparación;Pendiente de retiro por cliente;Retiro en Sucursal (Punto Stocka Ñuñoa);NO PREPARADO;Nicol Riquelme;;No informado
GLS27929;28/09/2026;17:32;En proceso de preparación;En tránsito (Listo para despacho);Blue Express;Listo para despacho;Aida Sandoval;Isla de maipo;2417420250
GLS27930;28/09/2026;21:36;En proceso de preparación;En tránsito (Listo para despacho);Recíbelo;Listo para despacho;Johanna Mermoud;HUECHURABA;788520
GLS27931;29/09/2026;09:01;En proceso de preparación;En tránsito (Listo para despacho);Starken;Listo para despacho;Martin Mendoza;San Pedro De La Paz;278627617
MAN26092911217668;29/09/2026;11:21;29/09/2026 11:31;29/09/2026 11:33;Retiro en Sucursal (Punto Stocka Ñuñoa);Entregado (Retirado en sucursal);Isabella Contreras;Ñuñoa;
GLS27932;29/09/2026;11:22;En proceso de preparación;En tránsito (Listo para despacho);Recíbelo;Listo para despacho;Edward Alexander León Pérez;Quilicura;788521